NO.,NAMA KONTRAKTOR, GRED, NEGERI, DAERAH, NO. TELEFON, NO. FAKS, PPK, SPKK, STB
1,A WANG ENTERPRISE,G1,PERAK,MANJUNG,56881900,56881900, Yes, Yes, Yes
2,ABDUL AZIZ BIN ISHAK,G1,PERAK,MANJUNG,124575778,56792587, Yes, Yes, Yes
3,ABDUL KADIR BITAN ENTERPRISE,G1,PERAK,MANJUNG, 01-75589189, -, Yes, Yes, Yes
4,ABDUL RANI BIN ABDUL RASHID,G1,PERAK,MANJUNG,125753248, -, Yes, Yes, Yes
5,ABM NETWORK SERVICES,G1,PERAK,MANJUNG, 05-6911658, 06-6912815, Yes, Yes, Yes
6,ABN PELANGI INDAH ENTERPRISE,G1,PERAK,MANJUNG,56920115,56889548, Yes, Yes, Yes
7,ADIFINA ENTERPRISE,G1,PERAK,MANJUNG,195747196, -, Yes, Yes, Yes
8,AGENDA JUANG ENTERPRISE,G1,PERAK,MANJUNG, 01-82587611, , Yes, Yes, Yes
9,AHLAMI ENTERPRISE,G1,PERAK,MANJUNG, 01-95783515,56881529, Yes, Yes, Yes
10,AHLI BENA DUA,G1,PERAK,MANJUNG, 01-95741992,0, Yes, Yes, Yes
11,AJMAR ENTERPRISE,G1,PERAK,MANJUNG, 01-11253314, , Yes, Yes, Yes
12,AKMAL RESTU ENTERPRISE,G1,PERAK,MANJUNG, 01-87569423, , Yes, Yes, Yes
13,ALAMANDA ENTERPRISE,G1,PERAK,MANJUNG, 05-6881075,56881075, Yes, Yes, Yes
14,ALIEKA ENTERPRISE,G1,PERAK,MANJUNG, 01-35937702, , Yes, Yes, Yes
15,ALIRAN MEGA SERVICES,G1,PERAK,MANJUNG,1124181334, , Yes, Yes, Yes
16,ALLIFFIQ ENTERPRISE,G1,PERAK,MANJUNG, 01-95000882, , Yes, Yes, Yes
17,AMAN LEKIR ENTERPRISE,G1,PERAK,MANJUNG, 01-95741500, , Yes, Yes, Yes
18,AMIA RESOURCES,G1,PERAK,MANJUNG, 01-93234301, , Yes, Yes, Yes
19,AMIN IDERIS RESOURCES,G1,PERAK,MANJUNG, 01-94726805, , Yes, Yes, Yes
20,ANIS IDEA VENTURE,G1,PERAK,MANJUNG, 01-93350131,0, Yes, Yes, Yes
21,AO HAFAZA CONSTRUCTION,G1,PERAK,MANJUNG, 01-34681395, , Yes, Yes, Yes
22,AO MILLENNIUM CONSTRUCTION,G1,PERAK,MANJUNG, 01-05690985, , Yes, Yes, Yes
23,APEH MAJU RESOURCES,G1,PERAK,MANJUNG, 01-11253314, , Yes, Yes, Yes
24,AR REEZKI RAUDHAH ENTERPRISE,G1,PERAK,MANJUNG, 01-11440829, , Yes, Yes, Yes
25,ARIFJAMAL ENTERPRISE,G1,PERAK,MANJUNG, 01-13788181, , Yes, Yes, Yes
26,ARUS SAMUDERA SDN. BHD.,G1,PERAK,MANJUNG, 05-6881258, 05-6881207, Yes, Yes, Yes
27,ARWANA EMAS,G1,PERAK,MANJUNG,56834976,56834976, Yes, Yes, Yes
28,ARWANA EMAS ENTERPRISE,G1,PERAK,MANJUNG, 01-24576332, , Yes, Yes, Yes
29,ASAP LEGACY,G1,PERAK,,193901370, , Yes, Yes, Yes
30,ASBAMA ENTERPRISE,G1,PERAK,MANJUNG, -, -, Yes, Yes, Yes
31,ASHUAN ENTERPRISE,G1,PERAK,MANJUNG, 01-95737050, -, Yes, Yes, Yes
32,ASM SERVICES ENTERPRISE,G1,PERAK,MANJUNG, 01-75810378, , Yes, Yes, Yes
33,ASPIRASI ARMADA ENTERPRISE,G1,PERAK,MANJUNG, 05-6889711, , Yes, Yes, Yes
34,ASSHAHAS ENTERPRISE,G1,PERAK,MANJUNG, 01-75721020,0, Yes, Yes, Yes
35,ASTAKA BAKTI ENTERPRISE,G1,PERAK,MANJUNG, 01-25757599, , Yes, Yes, Yes
36,ATTAN HARDWARE & TOOLS SUPPLY SDN. BHD.,G1,PERAK,MANJUNG,56883297, -, Yes, Yes, Yes
37,AUFA ENTERPRISE,G1,PERAK,MANJUNG,56791217,56924243, Yes, Yes, Yes
38,AWAMIN ENTERPRISE,G1,PERAK,MANJUNG,56887450,56887450, Yes, Yes, Yes
39,AXL SUPPLY AND SERVICE,G1,PERAK,MANJUNG, 01-25460887, , Yes, Yes, Yes
40,AZ ATHO ENTERPRISE,G1,PERAK,MANJUNG, 01-94370308, , Yes, Yes, Yes
41,AZ MUTIARA SOLUTIONS,G1,PERAK,MANJUNG, 01-34005876, , Yes, Yes, Yes
42,AZAFF GLOBAL,G1,PERAK,MANJUNG, 01-65559730, , Yes, Yes, Yes
43,AZBIJA ENTERPRISE,G1,PERAK,MANJUNG,56913012,56917915, Yes, Yes, Yes
44,AZNORABINA ENTERPRISE,G1,PERAK,MANJUNG,56793284,56793284, Yes, Yes, Yes
45,AZW GLOBAL ACE,G1,PERAK,MANJUNG, 01-69393814, , Yes, Yes, Yes
46,BAKAH ENTERPRISE,G1,PERAK,MANJUNG, 01-27484804, -, Yes, Yes, Yes
47,BARD PERMAI RESOURCES,G1,PERAK,MANJUNG, 01-95742550, , Yes, Yes, Yes
48,BAYU BERNILAI ENTERPRISE,G1,PERAK,MANJUNG, 01-74336922,0, Yes, Yes, Yes
49,BAYU CERIA,G1,PERAK,MANJUNG, 01-35815360,0, Yes, Yes, Yes
50,BEBAS TEGUH RESOURCES,G1,PERAK,MANJUNG, 01-08777230, , Yes, Yes, Yes
51,BELANDA COLLECTION ENTERPRISE,G1,PERAK,MANJUNG,173698085, , Yes, Yes, Yes
52,BENA USHA RESOURCES,G1,PERAK,MANJUNG, 01-11639194, , Yes, Yes, Yes
53,BENAMIR ENTERPRISE,G1,PERAK,MANJUNG, 01-95679316, , Yes, Yes, Yes
54,BERKAT DIMENSI GLOBAL,G1,PERAK,MANJUNG, 01-89500823, , Yes, Yes, Yes
55,BERKAT JUMAAT ENTERPRISE,G1,PERAK,MANJUNG, 01-95082697, , Yes, Yes, Yes
56,BIG RED ENTERPRISE,G1,PERAK,MANJUNG, 01-99699699, , Yes, Yes, Yes
57,BRUAS JAYA ENTERPRISE,G1,PERAK,MANJUNG,125119679, -, Yes, Yes, Yes
58,BUDI AKTIF ENTERPRISE,G1,PERAK,MANJUNG, 01-25720405, , Yes, Yes, Yes
59,BUDI ANTARA ENTERPRISE,G1,PERAK,MANJUNG,56833659,56833659, Yes, Yes, Yes
60,BUDI LEKIR ENTERPRISE,G1,PERAK,MANJUNG, 05-6884025, 05-6883991, Yes, Yes, Yes
61,BUDI MANJUNG ENTERPRISE,G1,PERAK,MANJUNG, -, -, Yes, Yes, Yes
62,BUDI SAUJANA ENTERPRISE,G1,PERAK,MANJUNG, 01-03763451,0, Yes, Yes, Yes
63,BUDIKOTA SDN. BHD.,G1,PERAK,MANJUNG,125128885, -, Yes, Yes, Yes
64,BUMI LESTARI ENTERPISE,G1,PERAK,MANJUNG, 01-97446921, , Yes, Yes, Yes
65,BYG 95 ENTERPRISE,G1,PERAK,MANJUNG,1124396120, , Yes, Yes, Yes
66,CAHAYA GEMBILANG ENTERPRISE,G1,PERAK,MANJUNG,135813072, -, Yes, Yes, Yes
67,CAHAYA KOTA ENTERPRISE,G1,PERAK,MANJUNG, 01-11620957, , Yes, Yes, Yes
68,CAHAYA TIGA C ENTERPRISE,G1,PERAK,MANJUNG, 01-34372021, , Yes, Yes, Yes
69,CAKRA JAYA ENTERPRISE,G1,PERAK,MANJUNG,56923775, -, Yes, Yes, Yes
70,CEMARA KURNIA SDN. BHD.,G1,PERAK,MANJUNG,56924201,56924201, Yes, Yes, Yes
71,CENTRIX SUPPLY AND SERVICES,G1,PERAK,MANJUNG,1137859606, , Yes, Yes, Yes
72,CERIA MURNI ENTERPRISE,G1,PERAK,MANJUNG,194080962, -, Yes, Yes, Yes
73,CHEWAA RESOURCES,G1,PERAK,MANJUNG, 01-24492266, , Yes, Yes, Yes
74,CMS MARINE ENGINEERING SDN. BHD.,G1,PERAK,MANJUNG, 01-84040688, , Yes, Yes, Yes
75,CMZ JAYA,G1,PERAK,MANJUNG,195242089, , Yes, Yes, Yes
76,COBL ENTERPRISE,G1,PERAK,MANJUNG, 01-97166059, , Yes, Yes, 
77,CONFORD CONSTRUCTION,G1,PERAK,MANJUNG, 01-94002993, -, Yes, Yes, Yes
78,CTAH ENTERPRISE,G1,PERAK,MANJUNG,125654309,0, Yes, Yes, Yes
79,D ARA ENTERPRISE,G1,PERAK,MANJUNG, 01-97445897, -, Yes, Yes, Yes
80,DANISH ONE ENTERPRISE,G1,PERAK,MANJUNG, 01-16199502, , Yes, Yes, Yes
81,DHUHAA ISMA ENTERPRISE,G1,PERAK,MANJUNG, 01-95704293, , Yes, Yes, Yes
82,DOLLYCA LEGACY,G1,PERAK,MANJUNG, 01-25282478, , Yes, Yes, Yes
83,DY CORNER,G1,PERAK,MANJUNG, 01-12804933, , Yes, Yes, Yes
84,DZUL ENTERPRISE,G1,PERAK,MANJUNG, 01-25703150, , Yes, Yes, Yes
85,EKIN LEGACY,G1,PERAK,MANJUNG, 01-95590485, , Yes, Yes, Yes
86,EKRAL MEGA ENTERPRISE,G1,PERAK,MANJUNG, 019-5129224, 05-6887922, Yes, Yes, Yes
87,EMPAYAR XAMIDS,G1,PERAK,MANJUNG, 01-65108317, , Yes, Yes, Yes
88,EMRON ENTERPRISE,G1,PERAK,MANJUNG, 01-95708851, -, Yes, Yes, Yes
89,ENTERIC DEFENCE,G1,PERAK,MANJUNG, 01-65559730, , Yes, Yes, Yes
90,ESAY FAST ENTERPRISE,G1,PERAK,MANJUNG, 01-25072556,0, Yes, Yes, Yes
91,ESYAF RESOURCES,G1,PERAK,MANJUNG, 01-24603032, , Yes, Yes, Yes
92,ETOSA ENTERPRISE,G1,PERAK,MANJUNG,56885981,56885984, Yes, Yes, Yes
93,EX SERVICE AND SUPPLY,G1,PERAK,MANJUNG, 01-11193637, , Yes, Yes, Yes
94,EXTRIME MEGA RESOURCES,G1,PERAK,MANJUNG, 01-34783845, , Yes, Yes, Yes
95,FA & ZA ENTERPRISE,G1,PERAK,MANJUNG, 01-94660943, , Yes, Yes, Yes
96,FALISYAS LILY ENTERPRISE,G1,PERAK,MANJUNG, 01-25060607, , Yes, Yes, Yes
97,FALLAH ENTERPRISE,G1,PERAK,MANJUNG,56774269, -, Yes, Yes, Yes
98,FAMIRA GEMILANG ENTERPRISE,G1,PERAK,MANJUNG,195749085, -, Yes, Yes, Yes
99,FANTASTIC TREND SDN. BHD.,G1,PERAK,MANJUNG, 1-121509434, -, Yes, Yes, Yes
100,FAZ ARENA VENTURE,G1,PERAK,MANJUNG, 01-25220510, , Yes, Yes, Yes
101,FIRAH FARID ENTERPRISE,G1,PERAK,MANJUNG, 01-11272409, , Yes, Yes, Yes
102,FIRST GLOBAL VENTURE SDN. BHD.,G1,PERAK,MANJUNG, 05-6870622, , Yes, Yes, Yes
103,FLYRNZ SUPPLY & SERVICES,G1,PERAK,MANJUNG, 01-95790548, , Yes, Yes, Yes
104,FY BINA ENTERPRISE,G1,PERAK,MANJUNG, 01-94460943, , Yes, Yes, Yes
105,GBA ENTERPRISE,G1,PERAK,MANJUNG, 01-95098332, , Yes, Yes, Yes
106,GEMILANG MAS,G1,PERAK,MANJUNG, 01-75108192, , Yes, Yes, Yes
107,GERBANG RESTU ENTERPRISE,G1,PERAK,MANJUNG,195263430, -, Yes, Yes, Yes
108,GESING ENTERPRISE,G1,PERAK,MANJUNG,56884461,56884461, Yes, Yes, Yes
109,GREEN SPACE ENTERPRISE,G1,PERAK,MANJUNG, 01-42426291, , Yes, Yes, Yes
110,GUGUSAN BINA ENTERPRISE,G1,PERAK,MANJUNG,56888970, -, Yes, Yes, Yes
111,HA DYNAMIC (M) SDN. BHD.,G1,PERAK,MANJUNG, 01-24680449, , Yes, Yes, Yes
112,HAFQA ENTERPRISE,G1,PERAK,MANJUNG, 01-11137504, , Yes, Yes, Yes
113,HAJR TEKNIK,G1,PERAK,MANJUNG,56887875, -, Yes, Yes, Yes
114,HALIM LC RESOURCES,G1,PERAK,MANJUNG,1113375967, , Yes, Yes, Yes
115,HALIM YAHYA ENTERPRISE,G1,PERAK,MANJUNG,56882164,56888970, Yes, Yes, Yes
116,HANIF ENTERPRISE,G1,PERAK,MANJUNG, 05-6888169, -, Yes, Yes, Yes
117,HANNAN AKTIF ENTERPRISE,G1,PERAK,MANJUNG, 01-25693532, , Yes, Yes, Yes
118,HAQEM CIPTA ENTERPRISE,G1,PERAK,MANJUNG, 01-61527983, , Yes, Yes, Yes
119,HARAQ SEPADU ENTERPRISE,G1,PERAK,MANJUNG, 05-6721540, -, Yes, Yes, Yes
120,HASIL TEKAD RESOURCES,G1,PERAK,MANJUNG,125762768,125762768, Yes, Yes, Yes
121,HAZ ONE ENTERPRISE,G1,PERAK,MANJUNG, 01-95689531, , Yes, Yes, Yes
122,HBI LEKIR ENTERPRISE,G1,PERAK,MANJUNG,175921181, , Yes, Yes, Yes
123,HELMAS JAYA ENTERPRISE,G1,PERAK,MANJUNG, 01-26799062, 01-26799062, Yes, Yes, Yes
124,HIAS ENTERPRISE,G1,PERAK,MANJUNG,195958377, -, Yes, Yes, Yes
125,HIRAZU ENTERPRISE,G1,PERAK,MANJUNG, 01-77214984,0, Yes, Yes, Yes
126,HNE ENTERPRISE,G1,PERAK,MANJUNG, 01-94977952, , Yes, Yes, Yes
127,HQH IDEALS,G1,PERAK,MANJUNG, 01-23203923, , Yes, Yes, Yes
128,HUSNA RICH ENTERPRISE,G1,PERAK,MANJUNG,195941760, , Yes, Yes, Yes
129,HYPER LINK ENTERPRISE,G1,PERAK,MANJUNG, 01-94442640, -, Yes, Yes, Yes
130,IKA TEGUH ENTERPRISE,G1,PERAK,MANJUNG,125228494,56882695, Yes, Yes, Yes
131,INDAH ALWAANY ENTERPRISE,G1,PERAK,MANJUNG, 01-93227284, , Yes, Yes, Yes
132,INF SUPPLY AND SERVICES,G1,PERAK,MANJUNG, 01-75378905, , Yes, Yes, Yes
133,IO ENTERPRISE,G1,PERAK,MANJUNG, 05-6889114, 05-6889114, Yes, Yes, Yes
134,IPCONZ ENTERPRISE,G1,PERAK,MANJUNG, 01-24178848, , Yes, Yes, Yes
135,IRZAD LEGACY,G1,PERAK,MANJUNG,182024268, , Yes, Yes, Yes
136,ISMAIL GEMILANG ENTERPRISE,G1,PERAK,MANJUNG,104690736, , Yes, Yes, Yes
137,ISSE RESOURCES,G1,PERAK,MANJUNG, 01-13250737, , Yes, Yes, Yes
138,IZS BRILLIANT ENTERPRISE,G1,PERAK,MANJUNG,0, , Yes, Yes, Yes
139,IZZI GLOBAL,G1,PERAK,MANJUNG,197304405, , Yes, Yes, Yes
140,IZZREAL ENTERPRISE,G1,PERAK,MANJUNG,0, , Yes, Yes, Yes
141,JAFDEQ ENTERPRISE,G1,PERAK,MANJUNG,56888240,56888240, Yes, Yes, Yes
142,JAGAT SATU ENTERPRISE,G1,PERAK,MANJUNG, 01-95762310,0, Yes, Yes, Yes
143,JALINAN KLASIK ENTERPRISE,G1,PERAK,MANJUNG, 01-25172321, -, Yes, Yes, Yes
144,JALUR SEMANGAT (M) SDN. BHD.,G1,PERAK,MANJUNG,135937702, -, Yes, Yes, Yes
145,JANA FARZAN ENTERPRISE,G1,PERAK,MANJUNG,56888817,56888817, Yes, Yes, Yes
146,JANAR RESOURCES,G1,PERAK,MANJUNG, 01-12423556, , Yes, Yes, Yes
147,JANOR GEMILANG,G1,PERAK,MANJUNG,174156297, -, Yes, Yes, Yes
148,JATINITA,G1,PERAK,MANJUNG, 01-62222651, -, Yes, Yes, Yes
149,JER LOAN ENTERPRISE,G1,PERAK,MANJUNG,197155282,0, Yes, Yes, Yes
150,JERNIH JAYA ENTERPRISE,G1,PERAK,MANJUNG,56884100,56884100, Yes, Yes, Yes
151,JNN TEGUH RESOURCES,G1,PERAK,MANJUNG, 05-56912695, , Yes, Yes, Yes
152,JONIKA ENTERPRISE,G1,PERAK,MANJUNG, 01-28262834, , Yes, Yes, Yes
153,JUIS ENTERPRISE,G1,PERAK,MANJUNG, 01-25171005,56920658, Yes, Yes, Yes
154,JURAGAN GIGIH ENTERPRISE,G1,PERAK,MANJUNG,56791376, -, Yes, Yes, Yes
155,K.C.Y.BINA ENTERPRISE,G1,PERAK,MANJUNG,175860584, -, Yes, Yes, Yes
156,KAFNEE ENTERPRISE,G1,PERAK,MANJUNG,56885768,56881951, Yes, Yes, Yes
157,KAK NAMAH ENTERPRISE,G1,PERAK,MANJUNG, 01-75562522, , Yes, Yes, Yes
158,KAYAN BINA ENTERPRISE,G1,PERAK,MANJUNG, 01-25217476, , Yes, Yes, Yes
159,KAZMIR ENTERPRISE,G1,PERAK,MANJUNG, 01-23817281, -, Yes, Yes, Yes
160,KEJURULAUTAN PADU,G1,PERAK,MANJUNG, 01-35373653, 05-6914261, Yes, Yes, Yes
161,KEPAH ENTERPRISE,G1,PERAK,MANJUNG,1121502807, -, Yes, Yes, Yes
162,KHAIBINA LEGACY,G1,PERAK,MANJUNG,1156550012, , Yes, Yes, Yes
163,KHAILYN LEGACY,G1,PERAK,MANJUNG, 01-94078899, , Yes, Yes, Yes
164,KHAIRAINI ENTERPRISE,G1,PERAK,MANJUNG, 01-24478349, , Yes, Yes, Yes
165,KHAIRIZ GLOBAL,G1,PERAK,MANJUNG,108690012, , Yes, Yes, Yes
166,KIS SUCCESS ENTERPRISE,G1,PERAK,MANJUNG, 01-34455096, , Yes, Yes, Yes
167,KITA PASTI MAJU ENTERPRISE,G1,PERAK,MANJUNG, 01-23456140, , Yes, Yes, Yes
168,KNN MANJUNG ENTERPRISE,G1,PERAK,MANJUNG, 01-02765239, , Yes, Yes, Yes
169,KOPERASI PEKEBUN KECIL MANJUNG BERHAD,G1,PERAK,MANJUNG,56723092,56726536, Yes, Yes, Yes
170,KREATIF BINA,G1,PERAK,MANJUNG,56791633, -, Yes, Yes, Yes
171,KULAANKU ENTERPRISE,G1,PERAK,MANJUNG,56791299,56793272, Yes, Yes, Yes
172,KUSTAMAN ENTERPRISE,G1,PERAK,MANJUNG, 01-35814262, -, Yes, Yes, Yes
173,KYRASYA BINA RESOURCES,G1,PERAK,MANJUNG, 01-62150355, , Yes, Yes, Yes
174,L DUA TIGA DUA ENTERPRISE,G1,PERAK,MANJUNG,125026506, -, Yes, Yes, Yes
175,LASKAR SETIA ENTERPRISE,G1,PERAK,MANJUNG, 01-95671590, , Yes, Yes, Yes
176,LAUTAN SUCI ENTERPRISE,G1,PERAK,MANJUNG, 01-36381834, 05-6920408, Yes, Yes, Yes
177,LEGASI AKTIF,G1,PERAK,MANJUNG, 012-5315741, , Yes, Yes, Yes
178,LEGASI KM ENTERPRISE,G1,PERAK,MANJUNG, 01-03908258, , Yes, Yes, Yes
179,LEKIR HIGHWAY ENTERPRISE,G1,PERAK,MANJUNG,56791080, -, Yes, Yes, Yes
180,LIFIQAH KRISTAL ENTERPRISE,G1,PERAK,MANJUNG, 01-38174565, , Yes, Yes, Yes
181,LUMUT VENTURE SDN. BHD.,G1,PERAK,MANJUNG,56885579,56884087, Yes, Yes, Yes
182,M & J SUPPLY AND SERVICES ENTERPRISE,G1,PERAK,MANJUNG, 01-25419903, , Yes, Yes, Yes
183,MAAMOR JAYA ENTERPRISE,G1,PERAK,MANJUNG,56922436, 05-6922436, Yes, Yes, Yes
184,MADIR ENTERPRISE,G1,PERAK,MANJUNG, 01-25775296, , Yes, Yes, Yes
185,MAE GROUP ENTERPRISE,G1,PERAK,MANJUNG,1111305539, , Yes, Yes, Yes
186,MAHATAN ENTERPRISE,G1,PERAK,MANJUNG, 01-83884198, , Yes, Yes, Yes
187,MARSKLIN ENTERPRISE,G1,PERAK,MANJUNG,195706551, -, Yes, Yes, Yes
188,MASPROTAX RESOURCES,G1,PERAK,MANJUNG, 01-95125125, , Yes, Yes, Yes
189,MASYHUR 3 D ENTERPRISE,G1,PERAK,MANJUNG, 01-75108192, , Yes, Yes, Yes
190,MAVIC PRO ENTERPRISE,G1,PERAK,MANJUNG, 01-37427127, , Yes, Yes, Yes
191,MAWAR ARIF ENTERPRISE,G1,PERAK,MANJUNG,1136294048, , Yes, Yes, Yes
192,MAYZAX ENTERPRISE,G1,PERAK,MANJUNG,56791485, -, Yes, Yes, Yes
193,MAZZ VENTURE,G1,PERAK,MANJUNG, 01-18888787, , Yes, Yes, Yes
194,MBA BINA LEGACY,G1,PERAK,MANJUNG, 01-13951154, , Yes, Yes, Yes
195,MBA MAJU JAYA ENTERPRISE,G1,PERAK,MANJUNG,185784700,0, Yes, Yes, Yes
196,MBI BERKAT MAJU VENTURES,G1,PERAK,MANJUNG, 01-92656009, , Yes, Yes, Yes
197,MEGA MANJUNG ENTERPRISE,G1,PERAK,MANJUNG, -, 05-6793826, Yes, Yes, Yes
198,MEGA XAMIDS EMPIRE,G1,PERAK,MANJUNG, 01-64222771, , Yes, Yes, Yes
199,MEGA ZEBRA ENTERPRISE,G1,PERAK,MANJUNG, 05-6916653,56916653, Yes, Yes, Yes
200,MELATI ELIT ENTERPRISE,G1,PERAK,MANJUNG, 01-95098332, , Yes, Yes, Yes
201,MERAH SALJU ENTERPRISE,G1,PERAK,MANJUNG, 05-6912833, , Yes, Yes, Yes
202,MF VENTURE ENTERPRISE,G1,PERAK,MANJUNG, 01-25715875, , Yes, Yes, Yes
203,MIDE ENTERPRISE,G1,PERAK,MANJUNG, 01-75361870, -, Yes, Yes, Yes
204,MIH NIAGA ENTERPRISE,G1,PERAK,MANJUNG, 01-25080249, , Yes, Yes, Yes
205,MIKHAIL EKSKLUSIF,G1,PERAK,MANJUNG, 05-6888449, , Yes, Yes, Yes
206,MILLENIUM ICHABAN JUNIOR,G1,PERAK,MANJUNG,125521852, -, Yes, Yes, Yes
207,MILLENNIUM ICHIBAN SDN. BHD.,G1,PERAK,, 01-25235631, , Yes, Yes, Yes
208,MINSAHAB ENTERPRISE,G1,PERAK,MANJUNG,134059495, , Yes, Yes, Yes
209,MISA MAJU ENTERPRISE,G1,PERAK,MANJUNG, 01-11128842, , Yes, Yes, Yes
210,MLAPAN ENTERPRISE,G1,PERAK,MANJUNG, 01-72677017, , Yes, Yes, Yes
211,MLN ENTERPRISE,G1,PERAK,MANJUNG, 01-74176656, , Yes, Yes, Yes
212,MOQAL ENTERPRISE,G1,PERAK,MANJUNG, 01-25060607, -, Yes, Yes, Yes
213,MSEEFARZ GLOBAL,G1,PERAK,MANJUNG, 01-25370453, , Yes, Yes, Yes
214,MSLOKA ENTERPRISE,G1,PERAK,MANJUNG,1172727267, , Yes, Yes, Yes
215,MUTIARA SALJU ENTERPRISE,G1,PERAK,MANJUNG, 05-6888349, , Yes, Yes, Yes
216,MUTIARA SUTERA GLOBAL,G1,PERAK,MANJUNG, 01-25244781,0, Yes, Yes, Yes
217,NABILAH MH RESOURCES,G1,PERAK,MANJUNG, 01-62519015, , Yes, Yes, Yes
218,NADHIRMAIL RESOURCES,G1,PERAK,MANJUNG,0, , Yes, Yes, Yes
219,NADI BEKAL TRADING,G1,PERAK,MANJUNG, 01-95125125, , Yes, Yes, Yes
220,NAILA EMPIRE,G1,PERAK,MANJUNG, 05-6888349, , Yes, Yes, Yes
221,NAN MAZ ENTERPRISE,G1,PERAK,MANJUNG, 01-89577958, , Yes, Yes, Yes
222,NASAHROM ENTERPRISE,G1,PERAK,MANJUNG,0,0, Yes, Yes, Yes
223,NASOMA ENTERPRISE,G1,PERAK,MANJUNG,56871881,56871881, Yes, Yes, Yes
224,NAZ IDEAL LEGACY,G1,PERAK,MANJUNG, 01-95964715, , Yes, Yes, Yes
225,NDIN ENTERPRISE,G1,PERAK,MANJUNG, 01-95241677, , Yes, Yes, Yes
226,NEE ENTERPRISE,G1,PERAK,MANJUNG, 01-35512535, , Yes, Yes, Yes
227,NENASTI ENTERPRISE,G1,PERAK,MANJUNG,56727690,56727690, Yes, Yes, Yes
228,NHO MEKAR RESOURCES,G1,PERAK,MANJUNG, 01-25960454, , Yes, Yes, Yes
229,NISTECH JAYA ENTERPRISE,G1,PERAK,MANJUNG, 05-6972479, 05-6972478, Yes, Yes, Yes
230,NKF FUTURE,G1,PERAK,MANJUNG, 01-35925980, , Yes, Yes, Yes
231,NLA NIAGA ENTERPRISE,G1,PERAK,MANJUNG, 01-24423420, -, Yes, Yes, Yes
232,NN FLORA ENTERPRISE,G1,PERAK,MANJUNG, 01-34444223, -, Yes, Yes, Yes
233,NR ENERGY ENTERPRISE,G1,PERAK,MANJUNG, 01-34337564, , Yes, Yes, Yes
234,NRLL SHAHIRA ENTERPRISE,G1,PERAK,MANJUNG, 01-95600316, , Yes, Yes, Yes
235,NS PINK EMPIRE,G1,PERAK,MANJUNG,193894656, , Yes, Yes, Yes
236,NSR SERI JAYA ENTERPRISE,G1,PERAK,MANJUNG, 05-56912695, , Yes, Yes, Yes
237,NTS SUPPLY & SERVICE,G1,PERAK,MANJUNG, 01-25089970, , Yes, Yes, Yes
238,NURULSHAM ENTERPRISE,G1,PERAK,MANJUNG, 01-93591282, , Yes, Yes, Yes
239,NUSANTARA IMPIAN ENTERPRISE,G1,PERAK,MANJUNG, 01-64444551, , Yes, Yes, Yes
240,NZAM BGD ENTERPRISE,G1,PERAK,MANJUNG, 05-6886609, , Yes, Yes, Yes
241,OCEAN WAVES RESOURCES,G1,PERAK,MANJUNG, 01-95745047, , Yes, Yes, Yes
242,OCTAVIA ENTERPRISE,G1,PERAK,MANJUNG, 01-94199478, -, Yes, Yes, Yes
243,OEA ENGINEERING AND TRADING,G1,PERAK,MANJUNG,168784877, , Yes, Yes, Yes
244,OLY JAYA ENTERPRISE,G1,PERAK,MANJUNG, 05-6888713, -, Yes, Yes, Yes
245,OPPDMEF ENTERPRISE,G1,PERAK,MANJUNG, 01-95671144, , Yes, Yes, Yes
246,ORIZDI ENTERPRISE,G1,PERAK,MANJUNG,56888169,56889114, Yes, Yes, Yes
247,PASTIMAS ENTERPRISE,G1,PERAK,MANJUNG, 05-6884327, 05-6889303, Yes, Yes, Yes
248,PASTINI TRADING,G1,PERAK,MANJUNG,194606123, , Yes, Yes, Yes
249,PAYA RUMPUN ENTERPRISE,G1,PERAK,MANJUNG, 012-5064722, 05-6888515, Yes, Yes, Yes
250,PEMBINAAN MAHRAWI PARLAN,G1,PERAK,MANJUNG,56916785,56916785, Yes, Yes, Yes
251,PEMBINAAN SABRI,G1,PERAK,MANJUNG,125226789, -, Yes, Yes, Yes
252,PEMBINAAN SRI AWAN,G1,PERAK,MANJUNG, 01-24020729, -, Yes, Yes, Yes
253,PEMBORONG USAHA JAYA,G1,PERAK,MANJUNG, 01-25150575, -, Yes, Yes, Yes
254,PENAGA SUTRA ENTERPRISE,G1,PERAK,MANJUNG, -, 05-6915323, Yes, Yes, Yes
255,PENJANA IMPIAN ENTERPRISE,G1,PERAK,MANJUNG, 01-12649337, , Yes, Yes, Yes
256,PERIDAH BINA ENTERPRISE,G1,PERAK,MANJUNG,56887950, -, Yes, Yes, Yes
257,PERMODALAN NELAYAN (PERAK) SENDIRIAN BERHAD,G1,PERAK,MANJUNG, 05-6913816, 05-6910237, Yes, Yes, Yes
258,PERNIAGAAN ABDUL RANEE DAN ANAK,G1,PERAK,MANJUNG,1115398382, -, Yes, Yes, Yes
259,PESONA INDAH ENTERPRISE,G1,PERAK,MANJUNG,56792646, -, Yes, Yes, Yes
260,PROSTAR ENERGY ENTERPRISE,G1,PERAK,MANJUNG,0, , Yes, Yes, Yes
261,QAIYUM VENTURE,G1,PERAK,MANJUNG, 01-35291402, , Yes, Yes, Yes
262,QAMAR GREEN ENTERPRISE,G1,PERAK,MANJUNG,1132250831, , Yes, Yes, Yes
263,QANAAH RESOURCES,G1,PERAK,MANJUNG, 05-6884818, , Yes, Yes, Yes
264,R & Z PRIMA RESOURCES,G1,PERAK,MANJUNG, 01-95900436, , Yes, Yes, Yes
265,R&R REDZUAN ENTERPRISE,G1,PERAK,MANJUNG, 01-75715364, , Yes, Yes, Yes
266,RA SUCCESS ENTERPRISE,G1,PERAK,MANJUNG, 01-25045540, , Yes, Yes, Yes
267,RAC TECHNIC,G1,PERAK,MANJUNG,56882893,56882893, Yes, Yes, Yes
268,RAF ENGINEERING SDN. BHD.,G1,PERAK,MANJUNG, 01-82834581, , Yes, Yes, Yes
269,RAHMAN TEH ENTERPRISE SDN. BHD.,G1,PERAK,MANJUNG,56853393, 05-6851194, Yes, Yes, Yes
270,RAKEBA CONSTRUCTION & TRADING,G1,PERAK,MANJUNG,56887607,56887607, Yes, Yes, Yes
271,RASIHA ENTERPRISE,G1,PERAK,MANJUNG,0, , Yes, Yes, Yes
272,REALITI MELA ENTERPRISE,G1,PERAK,MANJUNG, 01-13783185, , Yes, Yes, Yes
273,REENA QASEH ,G1,PERAK,MANJUNG, 01-75578553, , Yes, Yes, Yes
274,RESTU JAYA RDM ENTERPRISE,G1,PERAK,MANJUNG, 01-49077489, , Yes, Yes, Yes
275,REZEKI AFIQ AMMAR ENTERPRISE,G1,PERAK,MANJUNG, 01-49443064, , Yes, Yes, Yes
276,REZEKI AIZ ENTERPRISE,G1,PERAK,MANJUNG, 01-24847149, , Yes, Yes, Yes
277,REZLAM EMPIRE,G1,PERAK,MANJUNG, 01-13250737, , Yes, Yes, Yes
278,RIDZA JAYA ENTERPRISE,G1,PERAK,MANJUNG,195783727, -, Yes, Yes, Yes
279,RISHNO ENTERPRISE,G1,PERAK,MANJUNG, 01-94462457,0, Yes, Yes, Yes
280,RIZMAR ENTERPRISE,G1,PERAK,MANJUNG,15230817, -, Yes, Yes, Yes
281,ROFILA ENTERPRISE,G1,PERAK,MANJUNG,56885981,56885984, Yes, Yes, Yes
282,ROSMIQ ENTERPRISE,G1,PERAK,MANJUNG,135315131, -, Yes, Yes, Yes
283,SA TERAS ENTERPRISE,G1,PERAK,MANJUNG, 01-35207983, , Yes, Yes, Yes
284,SAHABAT SAMUDERA SDN. BHD.,G1,PERAK,MANJUNG, 01-95506675, , Yes, Yes, Yes
285,SAKON ENTERPRISE,G1,PERAK,MANJUNG,1112475883,0, Yes, Yes, Yes
286,SAMBEL ENTERPRISE,G1,PERAK,MANJUNG, 01-03125120, -, Yes, Yes, Yes
287,SAMUDERA GLOBAL VENTURES,G1,PERAK,MANJUNG, 01-95520023, , Yes, Yes, Yes
288,SAMUDRA BINA ENTERPRISE,G1,PERAK,MANJUNG,56791298, -, Yes, Yes, Yes
289,SANGAI ENTERPRISE,G1,PERAK,MANJUNG, 01-36622590,52531855, Yes, Yes, Yes
290,SANY ENTERPRISE,G1,PERAK,MANJUNG, 01-99163477, , Yes, Yes, Yes
291,SARIF SABA ENTERPRISE,G1,PERAK,MANJUNG,195718419, -, Yes, Yes, Yes
292,SARJANA AMAN ENTERPRISE,G1,PERAK,MANJUNG,56885981,56885984, Yes, Yes, Yes
293,SATRIA JUANG ENTERPRISE,G1,PERAK,MANJUNG, 05-6792479, 05-6792479, Yes, Yes, Yes
294,SAZALI YAMAN ENTERPRISE,G1,PERAK,MANJUNG,56885288,56885894, Yes, Yes, Yes
295,SBR ENTERPRISE,G1,PERAK,MANJUNG, 01-35903175, -, Yes, Yes, Yes
296,SBY PERDANA TEKNIK ENTERPRISE,G1,PERAK,MANJUNG, 605-6881473, 605-6881473, Yes, Yes, Yes
297,SEJUTA ILHAM ENTERPRISE,G1,PERAK,MANJUNG,0, , Yes, Yes, Yes
298,SELECTION SERVICE & SUPPLY,G1,PERAK,MANJUNG, 01-65316104, , Yes, Yes, Yes
299,SEMARO ENTERPRISE,G1,PERAK,MANJUNG,56923843,56923953, Yes, Yes, Yes
300,SENTIASADA SDN. BHD.,G1,PERAK,MANJUNG, 01-25075062, , Yes, Yes, Yes
301,SEPADAN JAYA ENTERPRISE,G1,PERAK,MANJUNG, -, 05-6915346, Yes, Yes, Yes
302,SERI AGAR ENTERPRISE,G1,PERAK,MANJUNG, 01-46166285, , Yes, Yes, Yes
303,SERI CARGAS ENTERPRISE,G1,PERAK,MANJUNG, 05-6721540, -, Yes, Yes, Yes
304,SERI GUNONG ENTERPRISE,G1,PERAK,MANJUNG, 01-95742805,56887845, Yes, Yes, Yes
305,SERI HANI ENTERPRISE,G1,PERAK,MANJUNG,56312311,56889657, Yes, Yes, Yes
306,SERRA EMPIRE ENTERPRISE,G1,PERAK,MANJUNG, 01-94649067, , Yes, Yes, Yes
307,SHAFRA ENTERPRISE,G1,PERAK,MANJUNG, 01-35052909,0, Yes, Yes, Yes
308,SHAHLAL ENTERPRISE,G1,PERAK,MANJUNG, 01-95098332, , Yes, Yes, Yes
309,SHAHRULLI ENTERPRISE,G1,PERAK,MANJUNG, 01-25551014, -, Yes, Yes, Yes
310,SHIRAZ MURNI ENTERPRISE,G1,PERAK,MANJUNG, 01-95164195,56924777, Yes, Yes, Yes
311,SINAR WARISAN EMPIRE,G1,PERAK,MANJUNG, -, , Yes, Yes, Yes
312,SIRAWARA ENTERPRISE,G1,PERAK,MANJUNG,195491701, -, Yes, Yes, Yes
313,SITIAWAN VENTURES,G1,PERAK,MANJUNG, 01-95098332, , Yes, Yes, Yes
314,SMN SUPPLY AND SERVICES,G1,PERAK,MANJUNG,125155719, , Yes, Yes, Yes
315,SMZ FUTURE LEGACY,G1,PERAK,MANJUNG,185759263, , Yes, Yes, Yes
316,SN NOR ENTERPRISE,G1,PERAK,MANJUNG,56881019,56885640, Yes, Yes, Yes
317,SOFINA LEGACY ENTERPRISE,G1,PERAK,MANJUNG, 01-34150510, , Yes, Yes, Yes
318,SS LEKIR ENTERPRISE,G1,PERAK,MANJUNG,1111196588, -, Yes, Yes, Yes
319,SS NUR QASEH ENTERPRISE,G1,PERAK,MANJUNG, 01-34005876, , Yes, Yes, Yes
320,SUFI TEGUH ENTERPRISE,G1,PERAK,MANJUNG,195417926, , Yes, Yes, Yes
321,SUNGAI BATU IRONWORKS,G1,PERAK,MANJUNG, 01-75005207, -, Yes, Yes, Yes
322,SUNGAI CHE RAHMAT ENTERPRISE,G1,PERAK,MANJUNG,134383078, -, Yes, Yes, Yes
323,SUZ BINA ENTERPRISE,G1,PERAK,MANJUNG, 01-95762875,56882379, Yes, Yes, Yes
324,SYAIDA IDAMAN ENTERPRISE,G1,PERAK,MANJUNG, 01-49422810,0, Yes, Yes, Yes
325,SYARIKAT ARNIZA,G1,PERAK,MANJUNG, 05-6912014, 05-6926494, Yes, Yes, Yes
326,SYARIKAT BINA ANGKUT,G1,PERAK,MANJUNG, 01-05696285, -, Yes, Yes, Yes
327,SYARIKAT MAJU SURIA,G1,PERAK,MANJUNG, 01-94606123, , Yes, Yes, Yes
328,SYARIKAT MANSOR,G1,PERAK,MANJUNG, 05-6791307, -, Yes, Yes, Yes
329,SYARIKAT SERDANG SETIA,G1,PERAK,MANJUNG,133241872, -, Yes, Yes, Yes
330,TAMJID SUPPORT AND SERVICES,G1,PERAK,MANJUNG, 01-93580794, , Yes, Yes, Yes
331,TANJUNG PEREPAT ENTERPRISE,G1,PERAK,MANJUNG, 012-5404159, 05-6889850, Yes, Yes, Yes
332,TANJUNG RAYA ENTERPRISE,G1,PERAK,MANJUNG, 05-6728331, 05-6915569, Yes, Yes, Yes
333,TAZMAN ENTERPRISE,G1,PERAK,MANJUNG, 01-11253314, , Yes, Yes, Yes
334,TEGUH BERDIKARI ENTERPRISE,G1,PERAK,MANJUNG, 01-13250737, , Yes, Yes, Yes
335,TEGUH SAMUDERA ENTERPRISE,G1,PERAK,MANJUNG, 01-95098332, , Yes, Yes, Yes
336,TEKNOKRAT MAKMUR ENTERPRISE,G1,PERAK,MANJUNG,56881724, -, Yes, Yes, Yes
337,TEMASEK DAMAI ENTERPRISE,G1,PERAK,MANJUNG,56888169,56888169, Yes, Yes, Yes
338,TERAS SEKATA ENTERPRISE,G1,PERAK,MANJUNG, 01-95160564, , Yes, Yes, Yes
339,TERSOHOR TUNJANG ENTERPRISE,G1,PERAK,MANJUNG,195593500, -, Yes, Yes, Yes
340,TERUS PRODUKTIF ENTERPRISE,G1,PERAK,MANJUNG, 019-5778889, , Yes, Yes, Yes
341,THE FAIRUS FUTURE INDUSTRIAL,G1,PERAK,MANJUNG, 01-89563552, , Yes, Yes, Yes
342,THREE BBB ENTERPRISE,G1,PERAK,MANJUNG,56889424,56889425, Yes, Yes, Yes
343,TIANG SRI EMAS ENTERPRISE,G1,PERAK,MANJUNG, 01-12401425, -, Yes, Yes, Yes
344,TIMI ENTERPRISE,G1,PERAK,MANJUNG, 01-11097018, -, Yes, Yes, Yes
345,TRANZ ASM ENTERPRISE,G1,PERAK,MANJUNG,1111187436, , Yes, Yes, Yes
346,TWINS ENTERPRISE,G1,PERAK,MANJUNG, 01-42527479, -, Yes, Yes, Yes
347,UMBUT GLOBAL ENTERPRISE,G1,PERAK,MANJUNG, 11-23096396, , Yes, Yes, Yes
348,USAHA A N S ENTERPRISE,G1,PERAK,MANJUNG,195907981, -, Yes, Yes, Yes
349,USTB SERVICES,G1,PERAK,MANJUNG, 01-84071292,0, Yes, Yes, Yes
350,VISTA IMPIAN RESOURCES,G1,PERAK,MANJUNG, 01-63359510, , Yes, Yes, Yes
351,WAN ZAMOZA,G1,PERAK,MANJUNG,125066770, -, Yes, Yes, Yes
352,WANS EXCLUSIVE,G1,PERAK,MANJUNG,125026661, , Yes, Yes, Yes
353,WARISAN SERTING ENTERPRISE,G1,PERAK,MANJUNG, 01-25066305, -, Yes, Yes, Yes
354,WAWASAN GIAT ENTERPRISE,G1,PERAK,MANJUNG, 01-94776455,0, Yes, Yes, Yes
355,WAWASAN USAHASAMA ENTERPRISE,G1,PERAK,MANJUNG, 01-35838687, , Yes, Yes, Yes
356,WINNER CONSTRUCTION ENTERPRISE,G1,PERAK,MANJUNG, 01-82454784, -, Yes, Yes, Yes
357,WJ UIM ENTERPRISE,G1,PERAK,MANJUNG, 01-74061045, , Yes, Yes, Yes
358,WNH LYKA ENTERPRISE,G1,PERAK,MANJUNG,163406376, , Yes, Yes, Yes
359,XAMID ENTERPRISE,G1,PERAK,MANJUNG, 01-64222771, -, Yes, Yes, Yes
360,YA MANJUNG ENTERPRISE,G1,PERAK,MANJUNG, 05-6886658, 05-6886658, Yes, Yes, Yes
361,YANZHD ENTERPRISE,G1,PERAK,MANJUNG, 01-95421181, , Yes, Yes, Yes
362,YANZIE ENTERPRISE,G1,PERAK,MANJUNG,56888129,56888129, Yes, Yes, Yes
363,YANZSON ENTERPRISE,G1,PERAK,MANJUNG, 01-95421181, , Yes, Yes, Yes
364,YAQQIN ENTERPRISE,G1,PERAK,MANJUNG, 01-96187484, -, Yes, Yes, Yes
365,YPVS ENTERPRISE,G1,PERAK,MANJUNG,56928020,56928020, Yes, Yes, Yes
366,Z & R BINA,G1,PERAK,MANJUNG,134455096, -, Yes, Yes, Yes
367,ZAFRAN MARINE GLOBAL,G1,PERAK,MANJUNG, 01-95722562, , Yes, Yes, Yes
368,ZAHRIFF ENTERPRISE,G1,PERAK,MANJUNG,56871440, , Yes, Yes, Yes
369,ZAI BAHARI ENTERPRISE,G1,PERAK,MANJUNG,1121538825, , Yes, Yes, Yes
370,ZAID YAKIN ENTERPRISE,G1,PERAK,MANJUNG,195065680, -, Yes, Yes, Yes
371,ZALI MAJU RESOURCES,G1,PERAK,MANJUNG, 01-95676486, , Yes, Yes, Yes
372,ZALIDA TECH ENTERPRISE,G1,PERAK,MANJUNG, 01-65670220, , Yes, Yes, Yes
373,ZAMISHA ENTERPRISE,G1,PERAK,MANJUNG, 05-6884546, 05-6871441, Yes, Yes, Yes
374,ZAQ SUTERA ENTERPRISE,G1,PERAK,MANJUNG, 01-65575175, -, Yes, Yes, Yes
375,ZAZAFI ENTERPRISE,G1,PERAK,MANJUNG, 01-26643445, -, Yes, Yes, Yes
376,ZAZDIN ENTERPRISE,G1,PERAK,MANJUNG,56721280,56721280, Yes, Yes, Yes
377,ZEKHAL GLOBAL ENTERPRISE,G1,PERAK,MANJUNG, 01-37692339, , Yes, Yes, Yes
378,ZF OREN RESOURCES,G1,PERAK,MANJUNG, 01-36149477,0, Yes, Yes, Yes
379,ZNL JAYA ENTERPRISE,G1,PERAK,MANJUNG, 01-95762875, , Yes, Yes, Yes
380,ZR DIAMOND RESOURCES,G1,PERAK,MANJUNG, 01-95790548, , Yes, Yes, Yes
381,ZULFIKRI MAJU ENTERPRISE,G1,PERAK,MANJUNG, 01-62549903, , Yes, Yes, Yes
382,ZULIA EMPIRE ENTERPRISE,G1,PERAK,MANJUNG, 01-34293794, , Yes, Yes, Yes
383,ZULIENA ENTERPRISE,G1,PERAK,MANJUNG, 01-95913131, , Yes, Yes, Yes
384,ZULRAIS ENTERPRISE,G1,PERAK,MANJUNG, 01-35311760, -, Yes, Yes, Yes
